[Header],,,,,,,,,,,,
IEMFileVersion,4,,,,,,,,,,,
Investigator Name,Ross Lenta,,,,,,,,,,,
Project Name,Magma,,,,,,,,,,,
Experiment Name,,,,,,,,,,,,
Date,7/24/2012,,,,,,,,,,,
Workflow,Amplicon,,,,,,,,,,,
Application,CFTR Screening,,,,,,,,,,,
Assay,Amplicon,,,,,,,,,,,
Description,system performance op1_plateB,,,,,,,,,,,
Chemistry,Amplicon,,,,,,,,,,,
,,,,,,,,,,,,
[Manifests],,,,,,,,,,,,
A,Magma_Manifest,,,,,,,,,,,
,,,,,,,,,,,,
[Reads],,,,,,,,,,,,
151,,,,,,,,,,,,
151,,,,,,,,,,,,
,,,,,,,,,,,,
[Settings],,,,,,,,,,,,
AmpliconWorkflowType,cftrscreen,,,,,,,,,,,
VariantCaller,Starling,,,,,,,,,,,
[Data],,,,,,,,,,,,
Sample_ID,Sample_Name,Sample_Plate,Sample_Well,Sample_Project,index,I7_Index_ID,index2,I5_Index_ID,Description,Manifest,GenomeFolder,Control
A-NA01445,A-NA01445,,A01,,ATCACGAC,A701,TGAACCTT,A501,,A,Homo_sapiens\UCSC\hg19\Sequence\WholeGenomeFASTA, 
